INSERT INTO country (country_iso_code,country_name,created_by,created_date,modified_by,modified_date) VALUES
    ('IN','India','sriharsha','2022-09-28 17:33:48.123','sriharsha','2022-09-28 17:33:48.123');

INSERT INTO state (state_iso_code,state_name,country_id,created_by,created_date,modified_by,modified_date) VALUES
    ('DL','Delhi','IN','sriharsha','2022-09-28 17:33:48.123','sriharsha','2022-09-28 17:33:48.123'),
    ('MH','Maharashtra','IN','sriharsha','2022-09-28 17:33:48.123','sriharsha','2022-09-28 17:33:48.123'),
    ('WB','West Bengal','IN','sriharsha','2022-09-28 17:33:48.123','sriharsha','2022-09-28 17:33:48.123'),
    ('KA','Karnataka','IN','sriharsha','2022-09-28 17:33:48.123','sriharsha','2022-09-28 17:33:48.123'),
    ('TN','Tamil Nadu','IN','sriharsha','2022-09-28 17:33:48.123','sriharsha','2022-09-28 17:33:48.123'),
    ('TS','Telangana','IN','sriharsha','2022-09-28 17:33:48.123','sriharsha','2022-09-28 17:33:48.123'),
    ('GJ','Gujarat','IN','sriharsha','2022-09-28 17:33:48.123','sriharsha','2022-09-28 17:33:48.123'),
    ('UP','Uttar Pradesh','IN','sriharsha','2022-09-28 17:33:48.123','sriharsha','2022-09-28 17:33:48.123'),
    ('RJ','Rajasthan','IN','sriharsha','2022-09-28 17:33:48.123','sriharsha','2022-09-28 17:33:48.123'),
    ('MP','Madhya Pradesh','IN','sriharsha','2022-09-28 17:33:48.123','sriharsha','2022-09-28 17:33:48.123'),
    ('AP','Andhra Pradesh','IN','sriharsha','2022-09-28 17:33:48.123','sriharsha','2022-09-28 17:33:48.123'),
    ('BR','Bihar','IN','sriharsha','2022-09-28 17:33:48.123','sriharsha','2022-09-28 17:33:48.123'),
    ('PB','Punjab','IN','sriharsha','2022-09-28 17:33:48.123','sriharsha','2022-09-28 17:33:48.123'),
    ('JH','Jharkhand','IN','sriharsha','2022-09-28 17:33:48.123','sriharsha','2022-09-28 17:33:48.123'),
    ('HR','Haryana','IN','sriharsha','2022-09-28 17:33:48.123','sriharsha','2022-09-28 17:33:48.123'),
    ('JK','Jammu and Kashmir','IN','sriharsha','2022-09-28 17:33:48.123','sriharsha','2022-09-28 17:33:48.123'),
    ('CT','Chhattisgarh','IN','sriharsha','2022-09-28 17:33:48.123','sriharsha','2022-09-28 17:33:48.123'),
    ('CH','Chandigarh','IN','sriharsha','2022-09-28 17:33:48.123','sriharsha','2022-09-28 17:33:48.123'),
    ('AS','Assam','IN','sriharsha','2022-09-28 17:33:48.123','sriharsha','2022-09-28 17:33:48.123'),
    ('OR','Odisha','IN','sriharsha','2022-09-28 17:33:48.123','sriharsha','2022-09-28 17:33:48.123'),
    ('KL','Kerala','IN','sriharsha','2022-09-28 17:33:48.123','sriharsha','2022-09-28 17:33:48.123'),
    ('UT','Uttarakhand','IN','sriharsha','2022-09-28 17:33:48.123','sriharsha','2022-09-28 17:33:48.123'),
    ('TR','Tripura','IN','sriharsha','2022-09-28 17:33:48.123','sriharsha','2022-09-28 17:33:48.123'),
    ('MZ','Mizoram','IN','sriharsha','2022-09-28 17:33:48.123','sriharsha','2022-09-28 17:33:48.123'),
    ('MN','Manipur','IN','sriharsha','2022-09-28 17:33:48.123','sriharsha','2022-09-28 17:33:48.123'),
    ('PY','Puducherry','IN','sriharsha','2022-09-28 17:33:48.123','sriharsha','2022-09-28 17:33:48.123'),
    ('HP','Himachal Pradesh','IN','sriharsha','2022-09-28 17:33:48.123','sriharsha','2022-09-28 17:33:48.123'),
    ('ML','Meghalaya','IN','sriharsha','2022-09-28 17:33:48.123','sriharsha','2022-09-28 17:33:48.123'),
    ('AN','Andaman and Nicobar Islands','IN','sriharsha','2022-09-28 17:33:48.123','sriharsha','2022-09-28 17:33:48.123'),
    ('SK','Sikkim','IN','sriharsha','2022-09-28 17:33:48.123','sriharsha','2022-09-28 17:33:48.123'),
    ('NL','Nagaland','IN','sriharsha','2022-09-28 17:33:48.123','sriharsha','2022-09-28 17:33:48.123'),
    ('AR','Arunachal Pradesh','IN','sriharsha','2022-09-28 17:33:48.123','sriharsha','2022-09-28 17:33:48.123'),
    ('GA','Goa','IN','sriharsha','2022-09-28 17:33:48.123','sriharsha','2022-09-28 17:33:48.123'),
    ('DH','Dadra and Nagar Haveli','IN','sriharsha','2022-09-28 17:33:48.123','sriharsha','2022-09-28 17:33:48.123'),
    ('DD','Daman and Diu','IN','sriharsha','2022-09-28 17:33:48.123','sriharsha','2022-09-28 17:33:48.123'),
    ('LD','Lakshadweep','IN','sriharsha','2022-09-28 17:33:48.123','sriharsha','2022-09-28 17:33:48.123');

INSERT INTO city (city_name,state_id,created_by,created_date,modified_by,modified_date) VALUES
    ('Port Blair','AN','sriharsha','2022-09-28 17:33:48.123','sriharsha','2022-09-28 17:33:48.123'),
    ('Vishakhapatnam','AP','sriharsha','2022-09-28 17:33:48.123','sriharsha','2022-09-28 17:33:48.123'),
    ('Bezwada','AP','sriharsha','2022-09-28 17:33:48.123','sriharsha','2022-09-28 17:33:48.123'),
    ('Guntur','AP','sriharsha','2022-09-28 17:33:48.123','sriharsha','2022-09-28 17:33:48.123'),
    ('Nellore','AP','sriharsha','2022-09-28 17:33:48.123','sriharsha','2022-09-28 17:33:48.123'),
    ('Kurnool','AP','sriharsha','2022-09-28 17:33:48.123','sriharsha','2022-09-28 17:33:48.123'),
    ('Kakinada','AP','sriharsha','2022-09-28 17:33:48.123','sriharsha','2022-09-28 17:33:48.123'),
    ('Cuddapah','AP','sriharsha','2022-09-28 17:33:48.123','sriharsha','2022-09-28 17:33:48.123'),
    ('Rajahmundry','AP','sriharsha','2022-09-28 17:33:48.123','sriharsha','2022-09-28 17:33:48.123'),
    ('Tirupati','AP','sriharsha','2022-09-28 17:33:48.123','sriharsha','2022-09-28 17:33:48.123'),
    ('Anantapur','AP','sriharsha','2022-09-28 17:33:48.123','sriharsha','2022-09-28 17:33:48.123'),
    ('Ongole','AP','sriharsha','2022-09-28 17:33:48.123','sriharsha','2022-09-28 17:33:48.123'),
    ('Vizianagaram','AP','sriharsha','2022-09-28 17:33:48.123','sriharsha','2022-09-28 17:33:48.123'),
    ('Ellore','AP','sriharsha','2022-09-28 17:33:48.123','sriharsha','2022-09-28 17:33:48.123'),
    ('Nandyal','AP','sriharsha','2022-09-28 17:33:48.123','sriharsha','2022-09-28 17:33:48.123'),
    ('Adoni','AP','sriharsha','2022-09-28 17:33:48.123','sriharsha','2022-09-28 17:33:48.123'),
    ('Madanapalle','AP','sriharsha','2022-09-28 17:33:48.123','sriharsha','2022-09-28 17:33:48.123'),
    ('Chirala','AP','sriharsha','2022-09-28 17:33:48.123','sriharsha','2022-09-28 17:33:48.123'),
    ('Machilipatnam','AP','sriharsha','2022-09-28 17:33:48.123','sriharsha','2022-09-28 17:33:48.123'),
    ('Tenali','AP','sriharsha','2022-09-28 17:33:48.123','sriharsha','2022-09-28 17:33:48.123'),
    ('Proddatur','AP','sriharsha','2022-09-28 17:33:48.123','sriharsha','2022-09-28 17:33:48.123'),
    ('Chittoor','AP','sriharsha','2022-09-28 17:33:48.123','sriharsha','2022-09-28 17:33:48.123'),
    ('Hindupur','AP','sriharsha','2022-09-28 17:33:48.123','sriharsha','2022-09-28 17:33:48.123'),
    ('Bhimavaram','AP','sriharsha','2022-09-28 17:33:48.123','sriharsha','2022-09-28 17:33:48.123'),
    ('Chicacole','AP','sriharsha','2022-09-28 17:33:48.123','sriharsha','2022-09-28 17:33:48.123'),
    ('Palakollu','AP','sriharsha','2022-09-28 17:33:48.123','sriharsha','2022-09-28 17:33:48.123'),
    ('Guntakal','AP','sriharsha','2022-09-28 17:33:48.123','sriharsha','2022-09-28 17:33:48.123'),
    ('Dharmavaram','AP','sriharsha','2022-09-28 17:33:48.123','sriharsha','2022-09-28 17:33:48.123'),
    ('Gudivada','AP','sriharsha','2022-09-28 17:33:48.123','sriharsha','2022-09-28 17:33:48.123'),
    ('Narasaraopet','AP','sriharsha','2022-09-28 17:33:48.123','sriharsha','2022-09-28 17:33:48.123'),
    ('Tadpatri','AP','sriharsha','2022-09-28 17:33:48.123','sriharsha','2022-09-28 17:33:48.123'),
    ('Tadepallegudem','AP','sriharsha','2022-09-28 17:33:48.123','sriharsha','2022-09-28 17:33:48.123'),
    ('Chilakalurupet','AP','sriharsha','2022-09-28 17:33:48.123','sriharsha','2022-09-28 17:33:48.123'),
    ('Emmiganur','AP','sriharsha','2022-09-28 17:33:48.123','sriharsha','2022-09-28 17:33:48.123'),
    ('Rayachoti','AP','sriharsha','2022-09-28 17:33:48.123','sriharsha','2022-09-28 17:33:48.123'),
    ('Kavali','AP','sriharsha','2022-09-28 17:33:48.123','sriharsha','2022-09-28 17:33:48.123'),
    ('Kadiri','AP','sriharsha','2022-09-28 17:33:48.123','sriharsha','2022-09-28 17:33:48.123'),
    ('Anakapalle','AP','sriharsha','2022-09-28 17:33:48.123','sriharsha','2022-09-28 17:33:48.123'),
    ('Tanuku','AP','sriharsha','2022-09-28 17:33:48.123','sriharsha','2022-09-28 17:33:48.123'),
    ('Mangalagiri','AP','sriharsha','2022-09-28 17:33:48.123','sriharsha','2022-09-28 17:33:48.123'),
    ('Markapur','AP','sriharsha','2022-09-28 17:33:48.123','sriharsha','2022-09-28 17:33:48.123'),
    ('Bapatla','AP','sriharsha','2022-09-28 17:33:48.123','sriharsha','2022-09-28 17:33:48.123'),
    ('Badvel','AP','sriharsha','2022-09-28 17:33:48.123','sriharsha','2022-09-28 17:33:48.123'),
    ('Pulivendla','AP','sriharsha','2022-09-28 17:33:48.123','sriharsha','2022-09-28 17:33:48.123'),
    ('Tadepalle','AP','sriharsha','2022-09-28 17:33:48.123','sriharsha','2022-09-28 17:33:48.123'),
    ('Nagari','AP','sriharsha','2022-09-28 17:33:48.123','sriharsha','2022-09-28 17:33:48.123'),
    ('Ponnuru','AP','sriharsha','2022-09-28 17:33:48.123','sriharsha','2022-09-28 17:33:48.123'),
    ('Vinukonda','AP','sriharsha','2022-09-28 17:33:48.123','sriharsha','2022-09-28 17:33:48.123'),
    ('Narasapur','AP','sriharsha','2022-09-28 17:33:48.123','sriharsha','2022-09-28 17:33:48.123'),
    ('Macherla','AP','sriharsha','2022-09-28 17:33:48.123','sriharsha','2022-09-28 17:33:48.123'),
    ('Kandukur','AP','sriharsha','2022-09-28 17:33:48.123','sriharsha','2022-09-28 17:33:48.123'),
    ('Samalkot','AP','sriharsha','2022-09-28 17:33:48.123','sriharsha','2022-09-28 17:33:48.123'),
    ('Bobbili','AP','sriharsha','2022-09-28 17:33:48.123','sriharsha','2022-09-28 17:33:48.123'),
    ('Sattenapalle','AP','sriharsha','2022-09-28 17:33:48.123','sriharsha','2022-09-28 17:33:48.123'),
    ('Mandapeta','AP','sriharsha','2022-09-28 17:33:48.123','sriharsha','2022-09-28 17:33:48.123'),
    ('Bhimunipatnam','AP','sriharsha','2022-09-28 17:33:48.123','sriharsha','2022-09-28 17:33:48.123'),
    ('Pithapuram','AP','sriharsha','2022-09-28 17:33:48.123','sriharsha','2022-09-28 17:33:48.123'),
    ('Punganuru','AP','sriharsha','2022-09-28 17:33:48.123','sriharsha','2022-09-28 17:33:48.123'),
    ('Puttur','AP','sriharsha','2022-09-28 17:33:48.123','sriharsha','2022-09-28 17:33:48.123'),
    ('Palmaner','AP','sriharsha','2022-09-28 17:33:48.123','sriharsha','2022-09-28 17:33:48.123'),
    ('Tuni','AP','sriharsha','2022-09-28 17:33:48.123','sriharsha','2022-09-28 17:33:48.123'),
    ('Amalapuram','AP','sriharsha','2022-09-28 17:33:48.123','sriharsha','2022-09-28 17:33:48.123'),
    ('Venkatagiri','AP','sriharsha','2022-09-28 17:33:48.123','sriharsha','2022-09-28 17:33:48.123'),
    ('Repalle','AP','sriharsha','2022-09-28 17:33:48.123','sriharsha','2022-09-28 17:33:48.123'),
    ('Jammalamadugu','AP','sriharsha','2022-09-28 17:33:48.123','sriharsha','2022-09-28 17:33:48.123'),
    ('Addanki','AP','sriharsha','2022-09-28 17:33:48.123','sriharsha','2022-09-28 17:33:48.123'),
    ('Nidadavole','AP','sriharsha','2022-09-28 17:33:48.123','sriharsha','2022-09-28 17:33:48.123'),
    ('Amudalavalasa','AP','sriharsha','2022-09-28 17:33:48.123','sriharsha','2022-09-28 17:33:48.123'),
    ('Kovvur','AP','sriharsha','2022-09-28 17:33:48.123','sriharsha','2022-09-28 17:33:48.123'),
    ('Giddalur','AP','sriharsha','2022-09-28 17:33:48.123','sriharsha','2022-09-28 17:33:48.123'),
    ('Pedana','AP','sriharsha','2022-09-28 17:33:48.123','sriharsha','2022-09-28 17:33:48.123'),
    ('Chimakurti','AP','sriharsha','2022-09-28 17:33:48.123','sriharsha','2022-09-28 17:33:48.123'),
    ('Pamidi','AP','sriharsha','2022-09-28 17:33:48.123','sriharsha','2022-09-28 17:33:48.123'),
    ('Narasannapeta','AP','sriharsha','2022-09-28 17:33:48.123','sriharsha','2022-09-28 17:33:48.123'),
    ('Koilkuntla','AP','sriharsha','2022-09-28 17:33:48.123','sriharsha','2022-09-28 17:33:48.123'),
    ('Itanagar','AR','sriharsha','2022-09-28 17:33:48.123','sriharsha','2022-09-28 17:33:48.123'),
    ('Dispur','AS','sriharsha','2022-09-28 17:33:48.123','sriharsha','2022-09-28 17:33:48.123'),
    ('Guwahati','AS','sriharsha','2022-09-28 17:33:48.123','sriharsha','2022-09-28 17:33:48.123'),
    ('Dibrugarh','AS','sriharsha','2022-09-28 17:33:48.123','sriharsha','2022-09-28 17:33:48.123'),
    ('Silchar','AS','sriharsha','2022-09-28 17:33:48.123','sriharsha','2022-09-28 17:33:48.123'),
    ('Jorhat','AS','sriharsha','2022-09-28 17:33:48.123','sriharsha','2022-09-28 17:33:48.123'),
    ('Tezpur','AS','sriharsha','2022-09-28 17:33:48.123','sriharsha','2022-09-28 17:33:48.123'),
    ('Gauripur','AS','sriharsha','2022-09-28 17:33:48.123','sriharsha','2022-09-28 17:33:48.123'),
    ('Patna','BR','sriharsha','2022-09-28 17:33:48.123','sriharsha','2022-09-28 17:33:48.123'),
    ('Gaya','BR','sriharsha','2022-09-28 17:33:48.123','sriharsha','2022-09-28 17:33:48.123'),
    ('Bhagalpur','BR','sriharsha','2022-09-28 17:33:48.123','sriharsha','2022-09-28 17:33:48.123'),
    ('Muzaffarpur','BR','sriharsha','2022-09-28 17:33:48.123','sriharsha','2022-09-28 17:33:48.123'),
    ('Purnea','BR','sriharsha','2022-09-28 17:33:48.123','sriharsha','2022-09-28 17:33:48.123'),
    ('Begusarai','BR','sriharsha','2022-09-28 17:33:48.123','sriharsha','2022-09-28 17:33:48.123'),
    ('Deo','BR','sriharsha','2022-09-28 17:33:48.123','sriharsha','2022-09-28 17:33:48.123'),
    ('Saharsa','BR','sriharsha','2022-09-28 17:33:48.123','sriharsha','2022-09-28 17:33:48.123'),
    ('Aurangabad','BR','sriharsha','2022-09-28 17:33:48.123','sriharsha','2022-09-28 17:33:48.123'),
    ('Rajgir','BR','sriharsha','2022-09-28 17:33:48.123','sriharsha','2022-09-28 17:33:48.123'),
    ('Chandigarh','CH','sriharsha','2022-09-28 17:33:48.123','sriharsha','2022-09-28 17:33:48.123'),
    ('Bhilai','CT','sriharsha','2022-09-28 17:33:48.123','sriharsha','2022-09-28 17:33:48.123'),
    ('Raipur','CT','sriharsha','2022-09-28 17:33:48.123','sriharsha','2022-09-28 17:33:48.123'),
    ('Bilaspur','CT','sriharsha','2022-09-28 17:33:48.123','sriharsha','2022-09-28 17:33:48.123'),
    ('Drug','CT','sriharsha','2022-09-28 17:33:48.123','sriharsha','2022-09-28 17:33:48.123'),
    ('Silvassa','DH','sriharsha','2022-09-28 17:33:48.123','sriharsha','2022-09-28 17:33:48.123'),
    ('Diu','DD','sriharsha','2022-09-28 17:33:48.123','sriharsha','2022-09-28 17:33:48.123'),
    ('Delhi','DL','sriharsha','2022-09-28 17:33:48.123','sriharsha','2022-09-28 17:33:48.123'),
    ('New Delhi','DL','sriharsha','2022-09-28 17:33:48.123','sriharsha','2022-09-28 17:33:48.123'),
    ('Panaji','GA','sriharsha','2022-09-28 17:33:48.123','sriharsha','2022-09-28 17:33:48.123'),
    ('Curchorem','GA','sriharsha','2022-09-28 17:33:48.123','sriharsha','2022-09-28 17:33:48.123'),
    ('Ahmedabad','GJ','sriharsha','2022-09-28 17:33:48.123','sriharsha','2022-09-28 17:33:48.123'),
    ('Surat','GJ','sriharsha','2022-09-28 17:33:48.123','sriharsha','2022-09-28 17:33:48.123'),
    ('Vadodara','GJ','sriharsha','2022-09-28 17:33:48.123','sriharsha','2022-09-28 17:33:48.123'),
    ('Rajkot','GJ','sriharsha','2022-09-28 17:33:48.123','sriharsha','2022-09-28 17:33:48.123'),
    ('Bhavnagar','GJ','sriharsha','2022-09-28 17:33:48.123','sriharsha','2022-09-28 17:33:48.123'),
    ('Jamnagar','GJ','sriharsha','2022-09-28 17:33:48.123','sriharsha','2022-09-28 17:33:48.123'),
    ('Bhuj','GJ','sriharsha','2022-09-28 17:33:48.123','sriharsha','2022-09-28 17:33:48.123'),
    ('Porbandar','GJ','sriharsha','2022-09-28 17:33:48.123','sriharsha','2022-09-28 17:33:48.123'),
    ('Ghandinagar','GJ','sriharsha','2022-09-28 17:33:48.123','sriharsha','2022-09-28 17:33:48.123'),
    ('Mahesana','GJ','sriharsha','2022-09-28 17:33:48.123','sriharsha','2022-09-28 17:33:48.123'),
    ('Navsari','GJ','sriharsha','2022-09-28 17:33:48.123','sriharsha','2022-09-28 17:33:48.123'),
    ('Godhra','GJ','sriharsha','2022-09-28 17:33:48.123','sriharsha','2022-09-28 17:33:48.123'),
    ('Khambhat','GJ','sriharsha','2022-09-28 17:33:48.123','sriharsha','2022-09-28 17:33:48.123'),
    ('Nandod','GJ','sriharsha','2022-09-28 17:33:48.123','sriharsha','2022-09-28 17:33:48.123'),
    ('Dholka','GJ','sriharsha','2022-09-28 17:33:48.123','sriharsha','2022-09-28 17:33:48.123'),
    ('Sihor','GJ','sriharsha','2022-09-28 17:33:48.123','sriharsha','2022-09-28 17:33:48.123'),
    ('Jasdan','GJ','sriharsha','2022-09-28 17:33:48.123','sriharsha','2022-09-28 17:33:48.123'),
    ('Daman','GJ','sriharsha','2022-09-28 17:33:48.123','sriharsha','2022-09-28 17:33:48.123'),
    ('Dwarka','GJ','sriharsha','2022-09-28 17:33:48.123','sriharsha','2022-09-28 17:33:48.123'),
    ('Khed Brahma','GJ','sriharsha','2022-09-28 17:33:48.123','sriharsha','2022-09-28 17:33:48.123'),
    ('Faridabad','HR','sriharsha','2022-09-28 17:33:48.123','sriharsha','2022-09-28 17:33:48.123'),
    ('Rohtak','HR','sriharsha','2022-09-28 17:33:48.123','sriharsha','2022-09-28 17:33:48.123'),
    ('Hisar','HR','sriharsha','2022-09-28 17:33:48.123','sriharsha','2022-09-28 17:33:48.123'),
    ('Panipat','HR','sriharsha','2022-09-28 17:33:48.123','sriharsha','2022-09-28 17:33:48.123'),
    ('Sonipat','HR','sriharsha','2022-09-28 17:33:48.123','sriharsha','2022-09-28 17:33:48.123'),
    ('Karnal','HR','sriharsha','2022-09-28 17:33:48.123','sriharsha','2022-09-28 17:33:48.123'),
    ('Bhiwani','HR','sriharsha','2022-09-28 17:33:48.123','sriharsha','2022-09-28 17:33:48.123'),
    ('Gurgaon','HR','sriharsha','2022-09-28 17:33:48.123','sriharsha','2022-09-28 17:33:48.123'),
    ('Sirsa','HR','sriharsha','2022-09-28 17:33:48.123','sriharsha','2022-09-28 17:33:48.123'),
    ('Ambala','HR','sriharsha','2022-09-28 17:33:48.123','sriharsha','2022-09-28 17:33:48.123'),
    ('Panchkula','HR','sriharsha','2022-09-28 17:33:48.123','sriharsha','2022-09-28 17:33:48.123'),
    ('Shimla','HP','sriharsha','2022-09-28 17:33:48.123','sriharsha','2022-09-28 17:33:48.123'),
    ('Solan','HP','sriharsha','2022-09-28 17:33:48.123','sriharsha','2022-09-28 17:33:48.123'),
    ('Srinagar','JK','sriharsha','2022-09-28 17:33:48.123','sriharsha','2022-09-28 17:33:48.123'),
    ('Jammu','JK','sriharsha','2022-09-28 17:33:48.123','sriharsha','2022-09-28 17:33:48.123'),
    ('Handwara','JK','sriharsha','2022-09-28 17:33:48.123','sriharsha','2022-09-28 17:33:48.123'),
    ('Baramula','JK','sriharsha','2022-09-28 17:33:48.123','sriharsha','2022-09-28 17:33:48.123'),
    ('Sopur','JK','sriharsha','2022-09-28 17:33:48.123','sriharsha','2022-09-28 17:33:48.123'),
    ('Rajaori','JK','sriharsha','2022-09-28 17:33:48.123','sriharsha','2022-09-28 17:33:48.123'),
    ('Udhampur','JK','sriharsha','2022-09-28 17:33:48.123','sriharsha','2022-09-28 17:33:48.123'),
    ('Bandipura','JK','sriharsha','2022-09-28 17:33:48.123','sriharsha','2022-09-28 17:33:48.123'),
    ('Kulgam','JK','sriharsha','2022-09-28 17:33:48.123','sriharsha','2022-09-28 17:33:48.123'),
    ('Jamshedpur','JH','sriharsha','2022-09-28 17:33:48.123','sriharsha','2022-09-28 17:33:48.123'),
    ('Dhanbad','JH','sriharsha','2022-09-28 17:33:48.123','sriharsha','2022-09-28 17:33:48.123'),
    ('Ranchi','JH','sriharsha','2022-09-28 17:33:48.123','sriharsha','2022-09-28 17:33:48.123'),
    ('Chakradharpur','JH','sriharsha','2022-09-28 17:33:48.123','sriharsha','2022-09-28 17:33:48.123'),
    ('Bangalore','KA','sriharsha','2022-09-28 17:33:48.123','sriharsha','2022-09-28 17:33:48.123'),
    ('Mysore','KA','sriharsha','2022-09-28 17:33:48.123','sriharsha','2022-09-28 17:33:48.123'),
    ('Hubli','KA','sriharsha','2022-09-28 17:33:48.123','sriharsha','2022-09-28 17:33:48.123'),
    ('Shimoga','KA','sriharsha','2022-09-28 17:33:48.123','sriharsha','2022-09-28 17:33:48.123'),
    ('Mangalore','KA','sriharsha','2022-09-28 17:33:48.123','sriharsha','2022-09-28 17:33:48.123'),
    ('Davangere','KA','sriharsha','2022-09-28 17:33:48.123','sriharsha','2022-09-28 17:33:48.123'),
    ('Belgaum','KA','sriharsha','2022-09-28 17:33:48.123','sriharsha','2022-09-28 17:33:48.123'),
    ('Gulbarga','KA','sriharsha','2022-09-28 17:33:48.123','sriharsha','2022-09-28 17:33:48.123'),
    ('Bellary','KA','sriharsha','2022-09-28 17:33:48.123','sriharsha','2022-09-28 17:33:48.123'),
    ('Tumkur','KA','sriharsha','2022-09-28 17:33:48.123','sriharsha','2022-09-28 17:33:48.123'),
    ('Bijapur','KA','sriharsha','2022-09-28 17:33:48.123','sriharsha','2022-09-28 17:33:48.123'),
    ('Bidar','KA','sriharsha','2022-09-28 17:33:48.123','sriharsha','2022-09-28 17:33:48.123'),
    ('Hospet','KA','sriharsha','2022-09-28 17:33:48.123','sriharsha','2022-09-28 17:33:48.123'),
    ('Raichur','KA','sriharsha','2022-09-28 17:33:48.123','sriharsha','2022-09-28 17:33:48.123'),
    ('Udipi','KA','sriharsha','2022-09-28 17:33:48.123','sriharsha','2022-09-28 17:33:48.123'),
    ('Kolar','KA','sriharsha','2022-09-28 17:33:48.123','sriharsha','2022-09-28 17:33:48.123'),
    ('Mandya','KA','sriharsha','2022-09-28 17:33:48.123','sriharsha','2022-09-28 17:33:48.123'),
    ('Hassan','KA','sriharsha','2022-09-28 17:33:48.123','sriharsha','2022-09-28 17:33:48.123'),
    ('Channarayapatna','KA','sriharsha','2022-09-28 17:33:48.123','sriharsha','2022-09-28 17:33:48.123'),
    ('Shrirangapattana','KA','sriharsha','2022-09-28 17:33:48.123','sriharsha','2022-09-28 17:33:48.123'),
    ('Thiruvananthapuram','KL','sriharsha','2022-09-28 17:33:48.123','sriharsha','2022-09-28 17:33:48.123'),
    ('Kochi','KL','sriharsha','2022-09-28 17:33:48.123','sriharsha','2022-09-28 17:33:48.123'),
    ('Calicut','KL','sriharsha','2022-09-28 17:33:48.123','sriharsha','2022-09-28 17:33:48.123'),
    ('Quilon','KL','sriharsha','2022-09-28 17:33:48.123','sriharsha','2022-09-28 17:33:48.123'),
    ('Trichur','KL','sriharsha','2022-09-28 17:33:48.123','sriharsha','2022-09-28 17:33:48.123'),
    ('Alleppey','KL','sriharsha','2022-09-28 17:33:48.123','sriharsha','2022-09-28 17:33:48.123'),
    ('Palghat','KL','sriharsha','2022-09-28 17:33:48.123','sriharsha','2022-09-28 17:33:48.123'),
    ('Pathanamthitta','KL','sriharsha','2022-09-28 17:33:48.123','sriharsha','2022-09-28 17:33:48.123'),
    ('Angamali','KL','sriharsha','2022-09-28 17:33:48.123','sriharsha','2022-09-28 17:33:48.123'),
    ('Kavaratti','LD','sriharsha','2022-09-28 17:33:48.123','sriharsha','2022-09-28 17:33:48.123'),
    ('Indore','MP','sriharsha','2022-09-28 17:33:48.123','sriharsha','2022-09-28 17:33:48.123'),
    ('Bhopal','MP','sriharsha','2022-09-28 17:33:48.123','sriharsha','2022-09-28 17:33:48.123'),
    ('Jabalpur','MP','sriharsha','2022-09-28 17:33:48.123','sriharsha','2022-09-28 17:33:48.123'),
    ('Gwalior','MP','sriharsha','2022-09-28 17:33:48.123','sriharsha','2022-09-28 17:33:48.123'),
    ('Ujjain','MP','sriharsha','2022-09-28 17:33:48.123','sriharsha','2022-09-28 17:33:48.123'),
    ('Saugor','MP','sriharsha','2022-09-28 17:33:48.123','sriharsha','2022-09-28 17:33:48.123'),
    ('Sannai','MP','sriharsha','2022-09-28 17:33:48.123','sriharsha','2022-09-28 17:33:48.123'),
    ('Ratlam','MP','sriharsha','2022-09-28 17:33:48.123','sriharsha','2022-09-28 17:33:48.123'),
    ('Burhanpur','MP','sriharsha','2022-09-28 17:33:48.123','sriharsha','2022-09-28 17:33:48.123'),
    ('Vidisha','MP','sriharsha','2022-09-28 17:33:48.123','sriharsha','2022-09-28 17:33:48.123'),
    ('Mandsaur','MP','sriharsha','2022-09-28 17:33:48.123','sriharsha','2022-09-28 17:33:48.123'),
    ('Maihar','MP','sriharsha','2022-09-28 17:33:48.123','sriharsha','2022-09-28 17:33:48.123'),
    ('Umaria','MP','sriharsha','2022-09-28 17:33:48.123','sriharsha','2022-09-28 17:33:48.123'),
    ('Khajuraho','MP','sriharsha','2022-09-28 17:33:48.123','sriharsha','2022-09-28 17:33:48.123'),
    ('Mumbai','MH','sriharsha','2022-09-28 17:33:48.123','sriharsha','2022-09-28 17:33:48.123'),
    ('Pune','MH','sriharsha','2022-09-28 17:33:48.123','sriharsha','2022-09-28 17:33:48.123'),
    ('Nagpur','MH','sriharsha','2022-09-28 17:33:48.123','sriharsha','2022-09-28 17:33:48.123'),
    ('Chinchvad','MH','sriharsha','2022-09-28 17:33:48.123','sriharsha','2022-09-28 17:33:48.123'),
    ('Kalyan','MH','sriharsha','2022-09-28 17:33:48.123','sriharsha','2022-09-28 17:33:48.123'),
    ('Nasik','MH','sriharsha','2022-09-28 17:33:48.123','sriharsha','2022-09-28 17:33:48.123'),
    ('Aurangabad','MH','sriharsha','2022-09-28 17:33:48.123','sriharsha','2022-09-28 17:33:48.123'),
    ('Thane','MH','sriharsha','2022-09-28 17:33:48.123','sriharsha','2022-09-28 17:33:48.123'),
    ('Bhiwandi','MH','sriharsha','2022-09-28 17:33:48.123','sriharsha','2022-09-28 17:33:48.123'),
    ('Solapur','MH','sriharsha','2022-09-28 17:33:48.123','sriharsha','2022-09-28 17:33:48.123'),
    ('Bhayandar','MH','sriharsha','2022-09-28 17:33:48.123','sriharsha','2022-09-28 17:33:48.123'),
    ('Kolhapur','MH','sriharsha','2022-09-28 17:33:48.123','sriharsha','2022-09-28 17:33:48.123'),
    ('Malegaon','MH','sriharsha','2022-09-28 17:33:48.123','sriharsha','2022-09-28 17:33:48.123'),
    ('Nanded','MH','sriharsha','2022-09-28 17:33:48.123','sriharsha','2022-09-28 17:33:48.123'),
    ('Chanda','MH','sriharsha','2022-09-28 17:33:48.123','sriharsha','2022-09-28 17:33:48.123'),
    ('Amravati','MH','sriharsha','2022-09-28 17:33:48.123','sriharsha','2022-09-28 17:33:48.123'),
    ('Ulhasnagar','MH','sriharsha','2022-09-28 17:33:48.123','sriharsha','2022-09-28 17:33:48.123'),
    ('Dhulia','MH','sriharsha','2022-09-28 17:33:48.123','sriharsha','2022-09-28 17:33:48.123'),
    ('Jalgaon','MH','sriharsha','2022-09-28 17:33:48.123','sriharsha','2022-09-28 17:33:48.123'),
    ('Sangli','MH','sriharsha','2022-09-28 17:33:48.123','sriharsha','2022-09-28 17:33:48.123'),
    ('Akola','MH','sriharsha','2022-09-28 17:33:48.123','sriharsha','2022-09-28 17:33:48.123'),
    ('Parbhani','MH','sriharsha','2022-09-28 17:33:48.123','sriharsha','2022-09-28 17:33:48.123'),
    ('Latur','MH','sriharsha','2022-09-28 17:33:48.123','sriharsha','2022-09-28 17:33:48.123'),
    ('Ahmadnagar','MH','sriharsha','2022-09-28 17:33:48.123','sriharsha','2022-09-28 17:33:48.123'),
    ('Ichalkaranji','MH','sriharsha','2022-09-28 17:33:48.123','sriharsha','2022-09-28 17:33:48.123'),
    ('Bhusaval','MH','sriharsha','2022-09-28 17:33:48.123','sriharsha','2022-09-28 17:33:48.123'),
    ('Yavatmal','MH','sriharsha','2022-09-28 17:33:48.123','sriharsha','2022-09-28 17:33:48.123'),
    ('Osmanabad','MH','sriharsha','2022-09-28 17:33:48.123','sriharsha','2022-09-28 17:33:48.123'),
    ('Junnar','MH','sriharsha','2022-09-28 17:33:48.123','sriharsha','2022-09-28 17:33:48.123'),
    ('Uran','MH','sriharsha','2022-09-28 17:33:48.123','sriharsha','2022-09-28 17:33:48.123'),
    ('Imphal','MN','sriharsha','2022-09-28 17:33:48.123','sriharsha','2022-09-28 17:33:48.123'),
    ('Shillong','ML','sriharsha','2022-09-28 17:33:48.123','sriharsha','2022-09-28 17:33:48.123'),
    ('Aizawl','MZ','sriharsha','2022-09-28 17:33:48.123','sriharsha','2022-09-28 17:33:48.123'),
    ('Kohima','NL','sriharsha','2022-09-28 17:33:48.123','sriharsha','2022-09-28 17:33:48.123'),
    ('Bhubaneshwar','OR','sriharsha','2022-09-28 17:33:48.123','sriharsha','2022-09-28 17:33:48.123'),
    ('Raurkela','OR','sriharsha','2022-09-28 17:33:48.123','sriharsha','2022-09-28 17:33:48.123'),
    ('Cuttack','OR','sriharsha','2022-09-28 17:33:48.123','sriharsha','2022-09-28 17:33:48.123'),
    ('Brahmapur','OR','sriharsha','2022-09-28 17:33:48.123','sriharsha','2022-09-28 17:33:48.123'),
    ('Sambalpur','OR','sriharsha','2022-09-28 17:33:48.123','sriharsha','2022-09-28 17:33:48.123'),
    ('Puri','OR','sriharsha','2022-09-28 17:33:48.123','sriharsha','2022-09-28 17:33:48.123'),
    ('Jatani','OR','sriharsha','2022-09-28 17:33:48.123','sriharsha','2022-09-28 17:33:48.123'),
    ('Puducherry','PY','sriharsha','2022-09-28 17:33:48.123','sriharsha','2022-09-28 17:33:48.123'),
    ('Ludhiana','PB','sriharsha','2022-09-28 17:33:48.123','sriharsha','2022-09-28 17:33:48.123'),
    ('Amritsar','PB','sriharsha','2022-09-28 17:33:48.123','sriharsha','2022-09-28 17:33:48.123'),
    ('Jalandhar','PB','sriharsha','2022-09-28 17:33:48.123','sriharsha','2022-09-28 17:33:48.123'),
    ('Patiala','PB','sriharsha','2022-09-28 17:33:48.123','sriharsha','2022-09-28 17:33:48.123'),
    ('Haripur','PB','sriharsha','2022-09-28 17:33:48.123','sriharsha','2022-09-28 17:33:48.123'),
    ('Pathankot','PB','sriharsha','2022-09-28 17:33:48.123','sriharsha','2022-09-28 17:33:48.123'),
    ('Mauli','PB','sriharsha','2022-09-28 17:33:48.123','sriharsha','2022-09-28 17:33:48.123'),
    ('Abohar','PB','sriharsha','2022-09-28 17:33:48.123','sriharsha','2022-09-28 17:33:48.123'),
    ('Malaut','PB','sriharsha','2022-09-28 17:33:48.123','sriharsha','2022-09-28 17:33:48.123'),
    ('Jaipur','RJ','sriharsha','2022-09-28 17:33:48.123','sriharsha','2022-09-28 17:33:48.123'),
    ('Kota','RJ','sriharsha','2022-09-28 17:33:48.123','sriharsha','2022-09-28 17:33:48.123'),
    ('Jodhpur','RJ','sriharsha','2022-09-28 17:33:48.123','sriharsha','2022-09-28 17:33:48.123'),
    ('Ajmer','RJ','sriharsha','2022-09-28 17:33:48.123','sriharsha','2022-09-28 17:33:48.123'),
    ('Bikaner','RJ','sriharsha','2022-09-28 17:33:48.123','sriharsha','2022-09-28 17:33:48.123'),
    ('Udaipur','RJ','sriharsha','2022-09-28 17:33:48.123','sriharsha','2022-09-28 17:33:48.123'),
    ('Sikar','RJ','sriharsha','2022-09-28 17:33:48.123','sriharsha','2022-09-28 17:33:48.123'),
    ('Bhilwara','RJ','sriharsha','2022-09-28 17:33:48.123','sriharsha','2022-09-28 17:33:48.123'),
    ('Alwar','RJ','sriharsha','2022-09-28 17:33:48.123','sriharsha','2022-09-28 17:33:48.123'),
    ('Bharatpur','RJ','sriharsha','2022-09-28 17:33:48.123','sriharsha','2022-09-28 17:33:48.123'),
    ('Pali','RJ','sriharsha','2022-09-28 17:33:48.123','sriharsha','2022-09-28 17:33:48.123'),
    ('Tonk','RJ','sriharsha','2022-09-28 17:33:48.123','sriharsha','2022-09-28 17:33:48.123'),
    ('Chittaurgarh','RJ','sriharsha','2022-09-28 17:33:48.123','sriharsha','2022-09-28 17:33:48.123'),
    ('Jaisalmer','RJ','sriharsha','2022-09-28 17:33:48.123','sriharsha','2022-09-28 17:33:48.123'),
    ('Jalor','RJ','sriharsha','2022-09-28 17:33:48.123','sriharsha','2022-09-28 17:33:48.123'),
    ('Abu','RJ','sriharsha','2022-09-28 17:33:48.123','sriharsha','2022-09-28 17:33:48.123'),
    ('Gangtok','SK','sriharsha','2022-09-28 17:33:48.123','sriharsha','2022-09-28 17:33:48.123'),
    ('Chennai','TN','sriharsha','2022-09-28 17:33:48.123','sriharsha','2022-09-28 17:33:48.123'),
    ('Madurai','TN','sriharsha','2022-09-28 17:33:48.123','sriharsha','2022-09-28 17:33:48.123'),
    ('Coimbatore','TN','sriharsha','2022-09-28 17:33:48.123','sriharsha','2022-09-28 17:33:48.123'),
    ('Trichinopoly','TN','sriharsha','2022-09-28 17:33:48.123','sriharsha','2022-09-28 17:33:48.123'),
    ('Salem','TN','sriharsha','2022-09-28 17:33:48.123','sriharsha','2022-09-28 17:33:48.123'),
    ('Tiruppur','TN','sriharsha','2022-09-28 17:33:48.123','sriharsha','2022-09-28 17:33:48.123'),
    ('Tinnevelly','TN','sriharsha','2022-09-28 17:33:48.123','sriharsha','2022-09-28 17:33:48.123'),
    ('Tuticorin','TN','sriharsha','2022-09-28 17:33:48.123','sriharsha','2022-09-28 17:33:48.123'),
    ('Rajapalaiyam','TN','sriharsha','2022-09-28 17:33:48.123','sriharsha','2022-09-28 17:33:48.123'),
    ('Nagercoil','TN','sriharsha','2022-09-28 17:33:48.123','sriharsha','2022-09-28 17:33:48.123'),
    ('Tanjore','TN','sriharsha','2022-09-28 17:33:48.123','sriharsha','2022-09-28 17:33:48.123'),
    ('Dindigul','TN','sriharsha','2022-09-28 17:33:48.123','sriharsha','2022-09-28 17:33:48.123'),
    ('Vellore','TN','sriharsha','2022-09-28 17:33:48.123','sriharsha','2022-09-28 17:33:48.123'),
    ('Cuddalore','TN','sriharsha','2022-09-28 17:33:48.123','sriharsha','2022-09-28 17:33:48.123'),
    ('Conjeeveram','TN','sriharsha','2022-09-28 17:33:48.123','sriharsha','2022-09-28 17:33:48.123'),
    ('Erode','TN','sriharsha','2022-09-28 17:33:48.123','sriharsha','2022-09-28 17:33:48.123'),
    ('Kumbakonam','TN','sriharsha','2022-09-28 17:33:48.123','sriharsha','2022-09-28 17:33:48.123'),
    ('Tiruvannamalai','TN','sriharsha','2022-09-28 17:33:48.123','sriharsha','2022-09-28 17:33:48.123'),
    ('Valparai','TN','sriharsha','2022-09-28 17:33:48.123','sriharsha','2022-09-28 17:33:48.123'),
    ('Negapatam','TN','sriharsha','2022-09-28 17:33:48.123','sriharsha','2022-09-28 17:33:48.123'),
    ('Ootacamund','TN','sriharsha','2022-09-28 17:33:48.123','sriharsha','2022-09-28 17:33:48.123'),
    ('Karur','TN','sriharsha','2022-09-28 17:33:48.123','sriharsha','2022-09-28 17:33:48.123'),
    ('Rameswaram','TN','sriharsha','2022-09-28 17:33:48.123','sriharsha','2022-09-28 17:33:48.123'),
    ('Kodaikanal','TN','sriharsha','2022-09-28 17:33:48.123','sriharsha','2022-09-28 17:33:48.123'),
    ('Hyderabad','TS','sriharsha','2022-09-28 17:33:48.123','sriharsha','2022-09-28 17:33:48.123'),
    ('Warangal','TS','sriharsha','2022-09-28 17:33:48.123','sriharsha','2022-09-28 17:33:48.123'),
    ('Nizamabad','TS','sriharsha','2022-09-28 17:33:48.123','sriharsha','2022-09-28 17:33:48.123'),
    ('Karimnagar','TS','sriharsha','2022-09-28 17:33:48.123','sriharsha','2022-09-28 17:33:48.123'),
    ('Ramgundam','TS','sriharsha','2022-09-28 17:33:48.123','sriharsha','2022-09-28 17:33:48.123'),
    ('Secunderabad','TS','sriharsha','2022-09-28 17:33:48.123','sriharsha','2022-09-28 17:33:48.123'),
    ('Khammam','TS','sriharsha','2022-09-28 17:33:48.123','sriharsha','2022-09-28 17:33:48.123'),
    ('Mahbubnagar','TS','sriharsha','2022-09-28 17:33:48.123','sriharsha','2022-09-28 17:33:48.123'),
    ('Nalgonda','TS','sriharsha','2022-09-28 17:33:48.123','sriharsha','2022-09-28 17:33:48.123'),
    ('Adilabad','TS','sriharsha','2022-09-28 17:33:48.123','sriharsha','2022-09-28 17:33:48.123'),
    ('Suriapet','TS','sriharsha','2022-09-28 17:33:48.123','sriharsha','2022-09-28 17:33:48.123'),
    ('Mancheral','TS','sriharsha','2022-09-28 17:33:48.123','sriharsha','2022-09-28 17:33:48.123'),
    ('Sirsilla','TS','sriharsha','2022-09-28 17:33:48.123','sriharsha','2022-09-28 17:33:48.123'),
    ('Kamareddipet','TS','sriharsha','2022-09-28 17:33:48.123','sriharsha','2022-09-28 17:33:48.123'),
    ('Paloncha','TS','sriharsha','2022-09-28 17:33:48.123','sriharsha','2022-09-28 17:33:48.123'),
    ('Kottagudem','TS','sriharsha','2022-09-28 17:33:48.123','sriharsha','2022-09-28 17:33:48.123'),
    ('Bodhan','TS','sriharsha','2022-09-28 17:33:48.123','sriharsha','2022-09-28 17:33:48.123'),
    ('Koratla','TS','sriharsha','2022-09-28 17:33:48.123','sriharsha','2022-09-28 17:33:48.123'),
    ('Armur','TS','sriharsha','2022-09-28 17:33:48.123','sriharsha','2022-09-28 17:33:48.123'),
    ('Gadwal','TS','sriharsha','2022-09-28 17:33:48.123','sriharsha','2022-09-28 17:33:48.123'),
    ('Wanparti','TS','sriharsha','2022-09-28 17:33:48.123','sriharsha','2022-09-28 17:33:48.123'),
    ('Kothapet','TS','sriharsha','2022-09-28 17:33:48.123','sriharsha','2022-09-28 17:33:48.123'),
    ('Belampalli','TS','sriharsha','2022-09-28 17:33:48.123','sriharsha','2022-09-28 17:33:48.123'),
    ('Jaggayyapeta','TS','sriharsha','2022-09-28 17:33:48.123','sriharsha','2022-09-28 17:33:48.123'),
    ('Jagtial','TS','sriharsha','2022-09-28 17:33:48.123','sriharsha','2022-09-28 17:33:48.123'),
    ('Vikarabad','TS','sriharsha','2022-09-28 17:33:48.123','sriharsha','2022-09-28 17:33:48.123'),
    ('Jangaon','TS','sriharsha','2022-09-28 17:33:48.123','sriharsha','2022-09-28 17:33:48.123'),
    ('Mandamari','TS','sriharsha','2022-09-28 17:33:48.123','sriharsha','2022-09-28 17:33:48.123'),
    ('Metpalli','TS','sriharsha','2022-09-28 17:33:48.123','sriharsha','2022-09-28 17:33:48.123'),
    ('Bhainsa','TS','sriharsha','2022-09-28 17:33:48.123','sriharsha','2022-09-28 17:33:48.123'),
    ('Bodupal','TS','sriharsha','2022-09-28 17:33:48.123','sriharsha','2022-09-28 17:33:48.123'),
    ('Yellandu','TS','sriharsha','2022-09-28 17:33:48.123','sriharsha','2022-09-28 17:33:48.123'),
    ('Mangur','TS','sriharsha','2022-09-28 17:33:48.123','sriharsha','2022-09-28 17:33:48.123'),
    ('Devarkonda','TS','sriharsha','2022-09-28 17:33:48.123','sriharsha','2022-09-28 17:33:48.123'),
    ('Kagaznagar','TS','sriharsha','2022-09-28 17:33:48.123','sriharsha','2022-09-28 17:33:48.123'),
    ('Agartala','TR','sriharsha','2022-09-28 17:33:48.123','sriharsha','2022-09-28 17:33:48.123'),
    ('Lucknow','UP','sriharsha','2022-09-28 17:33:48.123','sriharsha','2022-09-28 17:33:48.123'),
    ('Cawnpore','UP','sriharsha','2022-09-28 17:33:48.123','sriharsha','2022-09-28 17:33:48.123'),
    ('Mirzapur','UP','sriharsha','2022-09-28 17:33:48.123','sriharsha','2022-09-28 17:33:48.123'),
    ('Ghaziabad','UP','sriharsha','2022-09-28 17:33:48.123','sriharsha','2022-09-28 17:33:48.123'),
    ('Agra','UP','sriharsha','2022-09-28 17:33:48.123','sriharsha','2022-09-28 17:33:48.123'),
    ('Meerut','UP','sriharsha','2022-09-28 17:33:48.123','sriharsha','2022-09-28 17:33:48.123'),
    ('Allahabad','UP','sriharsha','2022-09-28 17:33:48.123','sriharsha','2022-09-28 17:33:48.123'),
    ('Varanasi','UP','sriharsha','2022-09-28 17:33:48.123','sriharsha','2022-09-28 17:33:48.123'),
    ('Aligarh','UP','sriharsha','2022-09-28 17:33:48.123','sriharsha','2022-09-28 17:33:48.123'),
    ('Bareilly','UP','sriharsha','2022-09-28 17:33:48.123','sriharsha','2022-09-28 17:33:48.123'),
    ('Moradabad','UP','sriharsha','2022-09-28 17:33:48.123','sriharsha','2022-09-28 17:33:48.123'),
    ('Saharanpur','UP','sriharsha','2022-09-28 17:33:48.123','sriharsha','2022-09-28 17:33:48.123'),
    ('Gorakhpur','UP','sriharsha','2022-09-28 17:33:48.123','sriharsha','2022-09-28 17:33:48.123'),
    ('Jhansi','UP','sriharsha','2022-09-28 17:33:48.123','sriharsha','2022-09-28 17:33:48.123'),
    ('Muzaffarnagar','UP','sriharsha','2022-09-28 17:33:48.123','sriharsha','2022-09-28 17:33:48.123'),
    ('Mathura','UP','sriharsha','2022-09-28 17:33:48.123','sriharsha','2022-09-28 17:33:48.123'),
    ('Shahjanpur','UP','sriharsha','2022-09-28 17:33:48.123','sriharsha','2022-09-28 17:33:48.123'),
    ('Firozabad','UP','sriharsha','2022-09-28 17:33:48.123','sriharsha','2022-09-28 17:33:48.123'),
    ('Rampur','UP','sriharsha','2022-09-28 17:33:48.123','sriharsha','2022-09-28 17:33:48.123'),
    ('Etawah','UP','sriharsha','2022-09-28 17:33:48.123','sriharsha','2022-09-28 17:33:48.123'),
    ('Hapur','UP','sriharsha','2022-09-28 17:33:48.123','sriharsha','2022-09-28 17:33:48.123'),
    ('Sambhal','UP','sriharsha','2022-09-28 17:33:48.123','sriharsha','2022-09-28 17:33:48.123'),
    ('Bulandshahr','UP','sriharsha','2022-09-28 17:33:48.123','sriharsha','2022-09-28 17:33:48.123'),
    ('Bahraigh','UP','sriharsha','2022-09-28 17:33:48.123','sriharsha','2022-09-28 17:33:48.123'),
    ('Jaunpur','UP','sriharsha','2022-09-28 17:33:48.123','sriharsha','2022-09-28 17:33:48.123'),
    ('Fatehpur','UP','sriharsha','2022-09-28 17:33:48.123','sriharsha','2022-09-28 17:33:48.123'),
    ('Sitalpur','UP','sriharsha','2022-09-28 17:33:48.123','sriharsha','2022-09-28 17:33:48.123'),
    ('Budaun','UP','sriharsha','2022-09-28 17:33:48.123','sriharsha','2022-09-28 17:33:48.123'),
    ('Fyzabad','UP','sriharsha','2022-09-28 17:33:48.123','sriharsha','2022-09-28 17:33:48.123'),
    ('Pilibhit','UP','sriharsha','2022-09-28 17:33:48.123','sriharsha','2022-09-28 17:33:48.123'),
    ('Hathras','UP','sriharsha','2022-09-28 17:33:48.123','sriharsha','2022-09-28 17:33:48.123'),
    ('Kairana','UP','sriharsha','2022-09-28 17:33:48.123','sriharsha','2022-09-28 17:33:48.123'),
    ('Vrindavan','UP','sriharsha','2022-09-28 17:33:48.123','sriharsha','2022-09-28 17:33:48.123'),
    ('Fatehpur Sikri','UP','sriharsha','2022-09-28 17:33:48.123','sriharsha','2022-09-28 17:33:48.123'),
    ('Dehra Dun','UT','sriharsha','2022-09-28 17:33:48.123','sriharsha','2022-09-28 17:33:48.123'),
    ('Naini Tal','UT','sriharsha','2022-09-28 17:33:48.123','sriharsha','2022-09-28 17:33:48.123'),
    ('Kolkata','WB','sriharsha','2022-09-28 17:33:48.123','sriharsha','2022-09-28 17:33:48.123'),
    ('Haora','WB','sriharsha','2022-09-28 17:33:48.123','sriharsha','2022-09-28 17:33:48.123'),
    ('Durgapur','WB','sriharsha','2022-09-28 17:33:48.123','sriharsha','2022-09-28 17:33:48.123'),
    ('Asansol','WB','sriharsha','2022-09-28 17:33:48.123','sriharsha','2022-09-28 17:33:48.123'),
    ('Bhatpara','WB','sriharsha','2022-09-28 17:33:48.123','sriharsha','2022-09-28 17:33:48.123'),
    ('Panihati','WB','sriharsha','2022-09-28 17:33:48.123','sriharsha','2022-09-28 17:33:48.123'),
    ('Kamarhati','WB','sriharsha','2022-09-28 17:33:48.123','sriharsha','2022-09-28 17:33:48.123'),
    ('Barddhaman','WB','sriharsha','2022-09-28 17:33:48.123','sriharsha','2022-09-28 17:33:48.123'),
    ('Kulti','WB','sriharsha','2022-09-28 17:33:48.123','sriharsha','2022-09-28 17:33:48.123'),
    ('Shiliguri','WB','sriharsha','2022-09-28 17:33:48.123','sriharsha','2022-09-28 17:33:48.123'),
    ('Bali','WB','sriharsha','2022-09-28 17:33:48.123','sriharsha','2022-09-28 17:33:48.123'),
    ('Barasat','WB','sriharsha','2022-09-28 17:33:48.123','sriharsha','2022-09-28 17:33:48.123'),
    ('Uluberiya','WB','sriharsha','2022-09-28 17:33:48.123','sriharsha','2022-09-28 17:33:48.123'),
    ('Naihati','WB','sriharsha','2022-09-28 17:33:48.123','sriharsha','2022-09-28 17:33:48.123'),
    ('Kharagpur','WB','sriharsha','2022-09-28 17:33:48.123','sriharsha','2022-09-28 17:33:48.123'),
    ('Ingraj Bazar','WB','sriharsha','2022-09-28 17:33:48.123','sriharsha','2022-09-28 17:33:48.123'),
    ('Haldia','WB','sriharsha','2022-09-28 17:33:48.123','sriharsha','2022-09-28 17:33:48.123'),
    ('Madhyamgram','WB','sriharsha','2022-09-28 17:33:48.123','sriharsha','2022-09-28 17:33:48.123'),
    ('Baharampur','WB','sriharsha','2022-09-28 17:33:48.123','sriharsha','2022-09-28 17:33:48.123'),
    ('Raiganj','WB','sriharsha','2022-09-28 17:33:48.123','sriharsha','2022-09-28 17:33:48.123'),
    ('Shrirampur','WB','sriharsha','2022-09-28 17:33:48.123','sriharsha','2022-09-28 17:33:48.123'),
    ('Hugli','WB','sriharsha','2022-09-28 17:33:48.123','sriharsha','2022-09-28 17:33:48.123'),
    ('Medinipur','WB','sriharsha','2022-09-28 17:33:48.123','sriharsha','2022-09-28 17:33:48.123'),
    ('Chandannagar','WB','sriharsha','2022-09-28 17:33:48.123','sriharsha','2022-09-28 17:33:48.123'),
    ('Balurghat','WB','sriharsha','2022-09-28 17:33:48.123','sriharsha','2022-09-28 17:33:48.123'),
    ('Krishnanagar','WB','sriharsha','2022-09-28 17:33:48.123','sriharsha','2022-09-28 17:33:48.123'),
    ('Shantipur','WB','sriharsha','2022-09-28 17:33:48.123','sriharsha','2022-09-28 17:33:48.123'),
    ('Jamuria','WB','sriharsha','2022-09-28 17:33:48.123','sriharsha','2022-09-28 17:33:48.123'),
    ('Habra','WB','sriharsha','2022-09-28 17:33:48.123','sriharsha','2022-09-28 17:33:48.123'),
    ('Bankura','WB','sriharsha','2022-09-28 17:33:48.123','sriharsha','2022-09-28 17:33:48.123'),
    ('Kanchrapara','WB','sriharsha','2022-09-28 17:33:48.123','sriharsha','2022-09-28 17:33:48.123'),
    ('Alipur Duar','WB','sriharsha','2022-09-28 17:33:48.123','sriharsha','2022-09-28 17:33:48.123'),
    ('Navadwip','WB','sriharsha','2022-09-28 17:33:48.123','sriharsha','2022-09-28 17:33:48.123'),
    ('Basirhat','WB','sriharsha','2022-09-28 17:33:48.123','sriharsha','2022-09-28 17:33:48.123'),
    ('Halisahar','WB','sriharsha','2022-09-28 17:33:48.123','sriharsha','2022-09-28 17:33:48.123'),
    ('Rishra','WB','sriharsha','2022-09-28 17:33:48.123','sriharsha','2022-09-28 17:33:48.123'),
    ('Baidyabati','WB','sriharsha','2022-09-28 17:33:48.123','sriharsha','2022-09-28 17:33:48.123'),
    ('Darjeeling','WB','sriharsha','2022-09-28 17:33:48.123','sriharsha','2022-09-28 17:33:48.123'),
    ('Titagarh','WB','sriharsha','2022-09-28 17:33:48.123','sriharsha','2022-09-28 17:33:48.123'),
    ('Dam Dam','WB','sriharsha','2022-09-28 17:33:48.123','sriharsha','2022-09-28 17:33:48.123'),
    ('Champdani','WB','sriharsha','2022-09-28 17:33:48.123','sriharsha','2022-09-28 17:33:48.123'),
    ('Bangaon','WB','sriharsha','2022-09-28 17:33:48.123','sriharsha','2022-09-28 17:33:48.123'),
    ('Khardah','WB','sriharsha','2022-09-28 17:33:48.123','sriharsha','2022-09-28 17:33:48.123'),
    ('Jalpaiguri','WB','sriharsha','2022-09-28 17:33:48.123','sriharsha','2022-09-28 17:33:48.123'),
    ('Bansbaria','WB','sriharsha','2022-09-28 17:33:48.123','sriharsha','2022-09-28 17:33:48.123'),
    ('Bhadreswar','WB','sriharsha','2022-09-28 17:33:48.123','sriharsha','2022-09-28 17:33:48.123'),
    ('Kalyani','WB','sriharsha','2022-09-28 17:33:48.123','sriharsha','2022-09-28 17:33:48.123'),
    ('Jaynagar-Majilpur','WB','sriharsha','2022-09-28 17:33:48.123','sriharsha','2022-09-28 17:33:48.123');

INSERT INTO type_of_establishment (establishment_description,is_active,created_by,created_date,modified_by,modified_date) VALUES
    ('CIVIL',true,'sriharsha','2022-09-28 17:33:48.123','sriharsha','2022-09-28 17:33:48.123'),
    ('ELECTRICAL',true,'sriharsha','2022-09-28 17:33:48.123','sriharsha','2022-09-28 17:33:48.123');

INSERT INTO application_role (role_name,role_description,display_to_all,created_by,created_date,modified_by,modified_date) VALUES
    ('Client','Provides ability to create tenderst in the system',true,'sriharsha','2022-09-30 17:33:48.123','sriharsha','2022-09-30 17:33:48.123'),
    ('Contractor','Allows you to create bids on the tenders',true,'sriharsha','2022-09-30 17:33:48.123','sriharsha','2022-09-30 17:33:48.123'),
    ('DEVOPS','Manage application day to day tasks and supporting users',false,'sriharsha','2022-09-30 17:33:48.123','sriharsha','2022-09-30 17:33:48.123'),
    ('Admin','Super-user with complete access to the system',false,'sriharsha','2022-09-30 17:33:48.123','sriharsha','2022-09-30 17:33:48.123');
